{
 "templeR0013": [
  [
   0.9999999980543897,
   -6.182408776545984e-05,
   -8.306796854890386e-06,
   1.091738664034211e-06
  ],
  [
   6.182388255849863e-05,
   0.999999997783822,
   -2.4701486647556904e-05,
   -1.989869049965341e-06
  ],
  [
   8.308323983371509e-06,
   2.4700973041060196e-05,
   0.9999999996604169,
   -1.1492911571660849e-05
  ]
 ],
 "templeR0042": [
  [
   -0.9998470379537098,
   -0.009192063635813427,
   0.014879739961030435,
   0.01859153661189465
  ],
  [
   0.010130383393968795,
   -0.9978814593930552,
   0.064264829665047,
   -0.9990698770100356
  ],
  [
   0.01425749022387639,
   0.06440573705580475,
   0.997821940531884,
   0.03903046340138799
  ]
 ],
 "templeR0044": [
  [
   -0.9991478394424506,
   -0.0404220978535954,
   0.008345594202777036,
   0.09286156486535241
  ],
  [
   0.040672234672031925,
   -0.9298103170399501,
   0.365784832453248,
   -4.520637363385991
  ],
  [
   -0.007025970699215306,
   0.3658125590123744,
   0.9306620264116036,
   0.7137085921256339
  ]
 ],
 "templeR0032": [
  [
   -0.9846087680449255,
   0.06666050052781668,
   0.16156098402286084,
   -1.6164307850700355
  ],
  [
   0.08058719269639004,
   -0.6471098882602591,
   0.7581256471648414,
   -9.073945833589642
  ],
  [
   0.1550847454212343,
   0.7594769056299051,
   0.6317780872683499,
   4.028341989859091
  ]
 ],
 "templeR0034": [
  [
   -0.9825520348341794,
   0.06378316666277631,
   0.17470891933064508,
   -1.769353501411298
  ],
  [
   0.11242098045925841,
   -0.5446535873456806,
   0.8310920484182605,
   -9.963193883818786
  ],
  [
   0.14816552229109303,
   0.8362321313139969,
   0.5279799243932084,
   5.167143349446759
  ]
 ],
 "templeR0036": [
  [
   -0.9840922105867946,
   0.018272191385926173,
   0.17671629263979055,
   -1.8161414076435813
  ],
  [
   0.15837353558220532,
   -0.3604898334570553,
   0.9192197252024656,
   -11.006197975032151
  ],
  [
   0.08050058564748426,
   0.9325841554498235,
   0.351861405548195,
   7.369880859030375
  ]
 ],
 "templeR0038": [
  [
   -0.980997180197219,
   -0.005792287326386494,
   0.19393550951961727,
   -2.032167015056539
  ],
  [
   0.19344417544276737,
   -0.10628362794933433,
   0.9753374500229114,
   -11.635250334383018
  ],
  [
   0.014962734789229742,
   0.9943189829413174,
   0.10538442356520761,
   10.272692763743871
  ]
 ],
 "templeR0015": [
  [
   0.9991063465078491,
   -0.04148237898610359,
   -0.008106824371542597,
   0.08781290385745565
  ],
  [
   0.04197582445674679,
   0.9513208758322973,
   0.3053303479296601,
   -3.5868480540072736
  ],
  [
   -0.004953637947422508,
   -0.30539777903469467,
   0.9522119816678226,
   0.5016801102207676
  ]
 ],
 "templeR0017": [
  [
   0.9965879213558456,
   -0.08010598222231627,
   -0.019888353874384795,
   0.22417242706817336
  ],
  [
   0.07769842676697611,
   0.829214412182039,
   0.5535037606986356,
   -6.518660278074667
  ],
  [
   -0.027847252747293754,
   -0.5531604561443212,
   0.8326091761881049,
   1.8570665659381986
  ]
 ],
 "templeR0019": [
  [
   0.9880820069982703,
   -0.15361376358279452,
   -0.009836619551415522,
   0.12716605895264405
  ],
  [
   0.10792379627875084,
   0.6457922703000765,
   0.755847073036243,
   -8.919714117015786
  ],
  [
   -0.1097561007099499,
   -0.7479004982339579,
   0.6546743030685908,
   3.8636305915823193
  ]
 ],
 "templeR0021": [
  [
   0.987019883751924,
   -0.14901984194408144,
   -0.05987349818826035,
   0.700319614374574
  ],
  [
   0.1233640792354853,
   0.46482150221245394,
   0.876768085091684,
   -10.391952137673421
  ],
  [
   -0.10282535209139587,
   -0.8727737723991932,
   0.4771717606683801,
   5.990158118894351
  ]
 ]
}